Typee,Individual,Diversity,Semantic Diversity
z3-history LT10,9,0.3517247483640902,36
z3-history LT10,8,0.28446944279201025,29
z3-history LT10,7,0.2364347906990002,24
z3-history LT10,6,0.20761594010000017,21
z3-history LT10,5,0.19800998000000014,20
z3-history LT10,4,0.20761594010000017,21
z3-history LT10,3,0.2364347906990002,24
z3-history LT10,2,0.28446944279201025,29
z3-history LT10,1,0.3517247483640902,36
